Timestamp,Coin_Name,Price,24h_Change,Market_Cap
2026-09-30 12:22:22,CoinMarketCap 20 Index DTF,$172.84,0.47%,4.23%
2026-09-30 12:22:22,Bitcoin,"$82,989.97",0.51%,4.07%
2026-09-30 12:22:22,Ethereum,"$2,660.18",0.64%,3.51%
2026-09-30 12:22:22,Tether,$0.9996,0.01%,0.02%
2026-09-30 12:22:22,BNB,$758.79,0.65%,4.20%
2026-09-30 12:22:22,XRP,$1.49,0.35%,7.98%
2026-09-30 12:22:22,USDC,$1.00,0.01%,0.00%
2026-09-30 12:22:22,Solana,$118.34,0.88%,0.56%
2026-09-30 12:22:22,TRON,$0.3372,0.02%,2.01%
2026-09-30 12:22:22,Zcash,"$1,393.46",1.09%,13.64%
2026-09-30 12:29:47,CoinMarketCap 20 Index DTF,$172.67,0.55%,4.31%
2026-09-30 12:29:47,Bitcoin,"$82,959.43",0.50%,4.06%
2026-09-30 12:29:47,Ethereum,"$2,659.86",0.52%,3.45%
2026-09-30 12:29:48,Tether,$0.9995,0.00%,0.03%
2026-09-30 12:29:48,BNB,$758.49,0.79%,4.26%
2026-09-30 12:29:48,XRP,$1.49,0.42%,8.31%
2026-09-30 12:29:48,USDC,$0.9999,0.00%,0.00%
2026-09-30 12:29:48,Solana,$118.25,1.03%,0.74%
2026-09-30 12:29:48,TRON,$0.3371,0.06%,1.98%
2026-09-30 12:29:48,Zcash,"$1,394.67",1.11%,13.49%
2026-09-30 12:30:10,CoinMarketCap 20 Index DTF,$172.73,0.45%,4.23%
2026-09-30 12:30:10,Bitcoin,"$83,055.38",0.32%,3.94%
2026-09-30 12:30:10,Ethereum,"$2,662.29",0.37%,3.31%
2026-09-30 12:30:11,Tether,$0.9995,0.00%,0.04%
2026-09-30 12:30:11,BNB,$757.12,0.91%,4.37%
2026-09-30 12:30:11,XRP,$1.49,0.59%,8.44%
2026-09-30 12:30:11,USDC,$1.00,0.00%,0.00%
2026-09-30 12:30:11,Solana,$118.13,1.02%,0.72%
2026-09-30 12:30:11,TRON,$0.3372,0.03%,1.96%
2026-09-30 12:30:12,Zcash,"$1,394.93",1.00%,13.68%
2026-09-30 12:32:03,CoinMarketCap 20 Index DTF,$172.73,0.45%,4.23%
2026-09-30 12:32:03,Bitcoin,"$83,111.51",0.19%,3.91%
2026-09-30 12:32:03,Ethereum,"$2,664.14",0.30%,3.25%
2026-09-30 12:32:03,Tether,$0.9995,0.00%,0.04%
2026-09-30 12:32:03,BNB,$757.12,0.91%,4.37%
2026-09-30 12:32:03,XRP,$1.49,0.59%,8.44%
2026-09-30 12:32:03,USDC,$1.00,0.00%,0.00%
2026-09-30 12:32:03,Solana,$118.13,1.02%,0.72%
2026-09-30 12:32:03,TRON,$0.3372,0.03%,1.96%
2026-09-30 12:32:03,Zcash,"$1,394.93",1.00%,13.68%
